SUPPLIER_NM;CUSTOMER_NM;ORDER_VALUE;REQUESTED_DELIVERY_DATE;ACTUAL_DELIVERY_DATE;CUSTOMER_RATING
9DPQH5A69MFVK;QXYC7ABH97;5077.31;2021-10-09;2021-10-10;2
9DPQH5A69MFVK;QXYC7ABH97;5077.31;2021-10-09;2021-10-10;2
FM466AM7M89;PE22ONWQQG;1725.53;2021-04-28;2021-04-30;
WYXV9CKOX;GHOXK0WV;9567.13;2021-05-02;2021-05-05;1
EYV0B2QG;5T6SB;0.0;2020-12-12;2020-12-14;1
9RFK3W;9X88V1PSF;3726.72;2021-03-25;2021-03-27;5
I7FEPG6PA9;HH6HI3;4165.58;2021-02-07;2021-02-10;3
6XF0E43VOTV0V;GHOXK0WV;8383.83;2021-01-04;2021-01-07;3
KJRZYJA;QD9TJBQKAN;2875.0;2021-10-06;2021-10-09;2
N67PF1G7Q1A;D8KYWQQLOD;1931.76;2021-03-20;2021-03-22;1
5968K9CHBDQIE;GHOXK0WV;3914.23;2021-05-09;2021-05-10;3
9RFK3W;D8KYWQQLOD;4470.02;2021-05-18;2021-05-21;1
EYV0B2QG;7LKWDFJ8WS;775.37;2021-09-08;2021-09-09;2
KJRZYJA;K2EUM;0.0;2021-06-15;2021-06-17;
UY9IOOA;62KM8;1251.49;2021-06-10;2021-06-11;2
SZGSM5FQKMC;YYGZ8;2809.04;2021-03-24;2021-03-26;
GL74B2U4DCJ1;T6XUU;3490.65;2021-04-09;2021-04-11;4
5LGEA;QXYC7ABH97;9845.74;2021-07-06;2021-07-09;
GL74B2U4DCJ1;YYGZ8;3240.31;2021-11-03;2021-11-03;3
5LGEA;3MY3PD;5591.73;2021-01-08;2021-01-08;4
KHMN2X26;UQAWNY01Z;3329.46;2020-12-23;2020-12-23;4
2SWAOG;7LKWDFJ8WS;1706.08;2021-01-01;2021-01-02;1
2SWAOG;7YSW5PYR7A;4735.09;2021-05-29;2021-05-30;2
N67PF1G7Q1A;QD9TJBQKAN;0.0;2021-07-03;2021-07-04;4
1U6KODULB9K;HH6HI3;5724.87;2021-09-03;2021-09-05;5
9RFK3W;5T6SB;0.0;2020-11-29;2020-11-29;3
2SWAOG;QITWNG10;2542.77;2021-03-01;2021-03-04;1
9DPQH5A69MFVK;5T6SB;3936.38;2020-11-16;2020-11-18;3
5968K9CHBDQIE;QYDA67AARF;6657.61;2021-09-03;2021-09-06;1
W10VLTND6ZX;3MY3PD;3293.82;2021-06-29;2021-06-29;1
SZGSM5FQKMC;181ZJ4L;6073.94;2021-05-24;2021-05-27;
W10VLTND6ZX;QITWNG10;4102.5;2021-09-18;2021-09-18;3
SZGSM5FQKMC;2W7LDQ6I0;4015.72;2021-02-19;2021-02-20;5
KHMN2X26;D8KYWQQLOD;8627.51;2021-05-09;2021-05-12;1
2SWAOG;HH6HI3;9139.32;2021-04-21;2021-04-22;4
XRO5S3COWGXH;RF39LM1LS;7922.97;2021-09-18;2021-09-19;1
KHMN2X26;G0SJQRW0U;4551.71;2021-06-15;2021-06-18;2
UY9IOOA;UQAWNY01Z;4784.81;2021-08-11;2021-08-14;2
EYV0B2QG;GHOXK0WV;5009.13;2021-09-19;2021-09-19;3
WYXV9CKOX;VW59QA;6591.88;2021-01-12;2021-01-13;4
GL74B2U4DCJ1;WY7BDS3XK;7230.59;2021-03-13;2021-03-14;5
I7FEPG6PA9;GHOXK0WV;8373.77;2020-11-08;2020-11-10;3
9DPQH5A69MFVK;E5V2XEZT;4269.15;2021-10-13;2021-10-15;2
N67PF1G7Q1A;CLXTSMND43;8032.72;2021-08-22;2021-08-24;3
9DPQH5A69MFVK;K2EUM;0.0;2021-05-11;2021-05-11;1
N67PF1G7Q1A;U3KEMJRP;7992.41;2021-05-13;2021-05-16;3
9RFK3W;YYGZ8;9022.45;2021-04-05;2021-04-07;3
KHMN2X26;8AOMR;8166.54;2021-01-07;2021-01-08;4
XRO5S3COWGXH;S904AO1R;9544.36;2021-06-28;2021-06-30;1
6XF0E43VOTV0V;K4I5E6T;6811.1;2021-04-18;2021-04-18;1
KJRZYJA;181ZJ4L;2435.82;2021-06-12;2021-06-15;5
W10VLTND6ZX;QXYC7ABH97;4033.44;2021-01-25;2021-01-27;5
9RFK3W;AU12BHGRMI;719.95;2021-04-30;2021-04-30;4
5968K9CHBDQIE;QITWNG10;7401.22;2021-10-01;2021-10-02;2
I7FEPG6PA9;9X88V1PSF;5527.22;2021-08-08;2021-08-11;5
2SWAOG;0NLO2RDM1;2732.76;2021-07-13;2021-07-15;4
2SWAOG;YWTX5O1P;7152.85;2021-03-14;2021-03-15;3
5968K9CHBDQIE;FNL0K0;6696.08;2021-07-05;2021-07-05;3
KHMN2X26;HH6HI3;7870.17;2021-09-09;2021-09-09;1
W10VLTND6ZX;7YSW5PYR7A;1397.1;2021-04-07;2021-04-07;4
2SWAOG;7ZNQDRXTSL;7697.29;2021-07-24;2021-07-27;3
9DPQH5A69MFVK;JO5DK9KMXA;5505.8;2020-12-08;2020-12-10;
PWC8OX45M86EQNO;QXYC7ABH97;9109.0;2021-01-24;2021-01-26;3
XRO5S3COWGXH;GHOXK0WV;0.0;2021-05-25;2021-05-25;4
I7FEPG6PA9;LH50PM28;7269.21;2021-02-04;2021-02-05;4
9DPQH5A69MFVK;U3KEMJRP;5953.17;2021-07-29;2021-07-29;1
UY9IOOA;RPSHT8HW;4202.64;2021-07-26;2021-07-27;3
6XF0E43VOTV0V;RF39LM1LS;9256.29;2021-08-13;2021-08-13;
GL74B2U4DCJ1;YUT15GEH;7737.54;2021-05-07;2021-05-10;
FM466AM7M89;JO5DK9KMXA;9183.82;2021-01-19;2021-01-20;1
PWC8OX45M86EQNO;E5V2XEZT;3629.36;2021-02-19;2021-02-21;1
XRO5S3COWGXH;W3ZZY0;2940.73;2021-04-15;2021-04-17;1
2SWAOG;E5V2XEZT;3339.34;2021-01-14;2021-01-14;1
W10VLTND6ZX;CLXTSMND43;7539.57;2020-12-09;2020-12-09;4
5968K9CHBDQIE;W3ZZY0;1928.51;2021-09-26;2021-09-28;3
KJRZYJA;S0HPRVX4C;9669.29;2021-10-16;2021-10-18;1
6XF0E43VOTV0V;RPSHT8HW;8444.3;2021-07-06;2021-07-07;3
9DPQH5A69MFVK;7YSW5PYR7A;9041.64;2021-06-03;2021-06-04;2
SZGSM5FQKMC;K4I5E6T;2747.16;2021-01-26;2021-01-27;1
KJRZYJA;E5V2XEZT;2836.84;2021-11-01;2021-11-02;2
GL74B2U4DCJ1;D8KYWQQLOD;5793.33;2021-10-24;2021-10-27;2
I7FEPG6PA9;E5V2XEZT;1068.46;2021-06-03;2021-06-05;2
W10VLTND6ZX;LH50PM28;735.0;2021-10-06;2021-10-06;5
N67PF1G7Q1A;AU12BHGRMI;0.0;2021-03-18;2021-03-18;1
XRO5S3COWGXH;LH50PM28;3759.36;2021-02-11;2021-02-12;5
SZGSM5FQKMC;LH50PM28;617.64;2021-01-22;2021-01-23;3
I7FEPG6PA9;S0HPRVX4C;9782.02;2021-01-08;2021-01-08;4
N67PF1G7Q1A;3MY3PD;4198.92;2020-11-17;2020-11-17;5
N67PF1G7Q1A;0BWFKJXKR;8891.2;2021-01-18;2021-01-20;5
SZGSM5FQKMC;QYDA67AARF;5055.89;2021-01-05;2021-01-06;3
5968K9CHBDQIE;G7I8LG;8920.26;2021-09-04;2021-09-06;4
1U6KODULB9K;K2EUM;6260.84;2021-04-18;2021-04-20;1
2SWAOG;9X88V1PSF;3891.42;2021-07-17;2021-07-19;
FM466AM7M89;RF39LM1LS;3258.63;2021-10-12;2021-10-14;2
N67PF1G7Q1A;FNL0K0;3455.57;2021-10-29;2021-10-29;5
6XF0E43VOTV0V;RF39LM1LS;4220.98;2021-04-06;2021-04-07;3
KJRZYJA;FNL0K0;3945.72;2021-09-25;2021-09-27;2
5LGEA;U3A3I1L5LH;5423.52;2021-08-24;2021-08-24;5
5968K9CHBDQIE;8AOMR;7406.66;2021-04-01;2021-04-01;3
SZGSM5FQKMC;UQAWNY01Z;6375.56;2021-04-14;2021-04-15;
SZGSM5FQKMC;YWTX5O1P;970.69;2020-12-15;2020-12-18;4
WYXV9CKOX;GHOXK0WV;0.0;2021-09-21;2021-09-23;3
5968K9CHBDQIE;RF39LM1LS;5601.72;2020-12-22;2020-12-24;3
KHMN2X26;62KM8;6215.94;2021-02-14;2021-02-16;1
UY9IOOA;0BWFKJXKR;8120.18;2021-05-18;2021-05-19;1
GL74B2U4DCJ1;0BWFKJXKR;9744.88;2021-08-09;2021-08-11;5
GL74B2U4DCJ1;QYDA67AARF;7574.69;2021-03-13;2021-03-14;5
GL74B2U4DCJ1;5T6SB;8920.96;2021-03-07;2021-03-07;3
5968K9CHBDQIE;U3A3I1L5LH;0.0;2021-01-05;2021-01-07;4
GL74B2U4DCJ1;YUT15GEH;0.0;2020-11-05;2020-11-05;
N67PF1G7Q1A;YWTX5O1P;4776.3;2020-11-21;2020-11-23;2
FM466AM7M89;T6XUU;3083.49;2021-05-11;2021-05-12;3
9DPQH5A69MFVK;YYGZ8;1168.84;2021-10-22;2021-10-24;3
N67PF1G7Q1A;D8KYWQQLOD;9422.65;2021-02-05;2021-02-05;4
N67PF1G7Q1A;QITWNG10;0.0;2021-05-15;2021-05-16;4
KJRZYJA;2W7LDQ6I0;4764.3;2020-12-24;2020-12-27;1
FM466AM7M89;1LP1HD9BH8;2444.57;2021-04-23;2021-04-26;1
KHMN2X26;2W7LDQ6I0;2170.3;2021-10-26;2021-10-29;4
GL74B2U4DCJ1;U3A3I1L5LH;1323.5;2021-02-05;2021-02-08;1
EYV0B2QG;181ZJ4L;2707.21;2021-01-28;2021-01-31;1
5968K9CHBDQIE;7LKWDFJ8WS;2150.24;2021-10-14;2021-10-14;3
5LGEA;S0HPRVX4C;6426.49;2020-12-06;2020-12-06;2
1U6KODULB9K;S904AO1R;9366.3;2021-04-25;2021-04-25;
XRO5S3COWGXH;E5V2XEZT;4491.84;2021-08-25;2021-08-28;4
N67PF1G7Q1A;D8KYWQQLOD;5634.59;2021-03-19;2021-03-22;2
GL74B2U4DCJ1;8AOMR;4026.49;2021-09-15;2021-09-15;5
5LGEA;62KM8;1583.71;2021-09-07;2021-09-08;4
GL74B2U4DCJ1;S0HPRVX4C;7858.13;2020-12-21;2020-12-21;1
5968K9CHBDQIE;W3ZZY0;0.0;2021-08-21;2021-08-24;
GL74B2U4DCJ1;7YSW5PYR7A;0.0;2021-05-31;2021-06-01;4
2SWAOG;8U1NBT;2524.71;2020-12-18;2020-12-20;3
W10VLTND6ZX;QITWNG10;7315.95;2021-05-13;2021-05-15;3
XRO5S3COWGXH;G7I8LG;8843.29;2021-10-23;2021-10-26;5
W10VLTND6ZX;T6XUU;2057.06;2021-10-21;2021-10-23;4
5LGEA;181ZJ4L;1492.58;2021-04-04;2021-04-07;4
WYXV9CKOX;T6XUU;6144.54;2021-05-17;2021-05-20;1
W10VLTND6ZX;G7I8LG;3632.8;2021-03-18;2021-03-20;3
W10VLTND6ZX;WY7BDS3XK;0.0;2021-06-27;2021-06-29;2
9RFK3W;YYGZ8;0.0;2021-04-09;2021-04-09;4
WYXV9CKOX;3YTICS;2843.82;2021-06-10;2021-06-12;1
9DPQH5A69MFVK;7ZNQDRXTSL;8789.1;2021-04-21;2021-04-21;3
1U6KODULB9K;QXYC7ABH97;0.0;2021-09-03;2021-09-06;4
9DPQH5A69MFVK;K4I5E6T;736.95;2021-07-30;2021-08-02;4
9RFK3W;S904AO1R;8859.97;2021-04-17;2021-04-17;4
9RFK3W;3YTICS;5447.29;2021-04-17;2021-04-20;2
FM466AM7M89;T6XUU;4321.01;2021-06-12;2021-06-15;4
I7FEPG6PA9;CLXTSMND43;5905.45;2021-07-08;2021-07-09;4
I7FEPG6PA9;U3KEMJRP;7216.3;2021-02-17;2021-02-19;1
UY9IOOA;T6XUU;1260.95;2021-01-31;2021-02-03;4
W10VLTND6ZX;3YTICS;7268.77;2021-06-03;2021-06-05;5
5LGEA;K2EUM;5554.11;2021-01-09;2021-01-09;
I7FEPG6PA9;WY7BDS3XK;1441.07;2021-07-18;2021-07-18;2
GL74B2U4DCJ1;YYGZ8;8004.63;2021-05-12;2021-05-14;3
1U6KODULB9K;G0SJQRW0U;1503.62;2021-03-26;2021-03-27;1
SZGSM5FQKMC;181ZJ4L;5663.06;2021-08-23;2021-08-24;2
WYXV9CKOX;7YSW5PYR7A;8544.32;2021-03-24;2021-03-24;4
FM466AM7M89;1LP1HD9BH8;5969.64;2021-09-09;2021-09-10;1
KHMN2X26;K4I5E6T;7580.75;2021-05-18;2021-05-19;2
KHMN2X26;E5V2XEZT;7387.38;2021-02-22;2021-02-23;1
5968K9CHBDQIE;JSJ7TO;9312.87;2021-05-04;2021-05-07;4
W10VLTND6ZX;QD9TJBQKAN;1482.08;2021-09-17;2021-09-20;2
SZGSM5FQKMC;G0SJQRW0U;5591.27;2020-12-08;2020-12-11;4
I7FEPG6PA9;0NLO2RDM1;3692.04;2021-02-16;2021-02-18;3
5968K9CHBDQIE;QXYC7ABH97;4766.7;2021-08-02;2021-08-02;2
KJRZYJA;LH50PM28;1554.87;2020-11-08;2020-11-09;
I7FEPG6PA9;E5V2XEZT;5478.37;2021-10-15;2021-10-16;4
KJRZYJA;W3ZZY0;1508.92;2021-05-28;2021-05-30;2
XRO5S3COWGXH;62KM8;9456.4;2021-08-24;2021-08-25;4
UY9IOOA;0NLO2RDM1;5973.84;2021-02-04;2021-02-06;3
FM466AM7M89;S904AO1R;9938.25;2021-07-05;2021-07-06;
I7FEPG6PA9;VW59QA;7472.45;2021-02-24;2021-02-24;2
KJRZYJA;D8KYWQQLOD;6992.38;2020-11-09;2020-11-12;2
2SWAOG;62KM8;6000.01;2021-11-03;2021-11-05;2
KJRZYJA;QD9TJBQKAN;4663.91;2021-09-30;2021-10-02;1
EYV0B2QG;7ZNQDRXTSL;3673.71;2020-12-19;2020-12-22;4
XRO5S3COWGXH;YUT15GEH;1392.96;2020-12-23;2020-12-24;
W10VLTND6ZX;3MY3PD;1566.23;2021-04-21;2021-04-23;5
9DPQH5A69MFVK;FNL0K0;9285.08;2021-09-14;2021-09-17;1
EYV0B2QG;HH6HI3;5500.56;2021-09-15;2021-09-17;2
1U6KODULB9K;S0HPRVX4C;9721.73;2021-05-10;2021-05-11;3
9RFK3W;0K1Q8;0.0;2021-03-28;2021-03-28;2
XRO5S3COWGXH;QITWNG10;4875.43;2021-08-31;2021-08-31;1
1U6KODULB9K;HH6HI3;2869.56;2021-07-05;2021-07-08;3
N67PF1G7Q1A;2W7LDQ6I0;955.28;2021-10-10;2021-10-10;3
6XF0E43VOTV0V;W3ZZY0;1709.38;2021-08-04;2021-08-04;
FM466AM7M89;S904AO1R;8620.96;2021-07-16;2021-07-18;1
XRO5S3COWGXH;1LP1HD9BH8;988.81;2021-04-23;2021-04-23;1
KHMN2X26;W3ZZY0;6635.54;2021-03-14;2021-03-15;5
I7FEPG6PA9;181ZJ4L;3561.43;2020-11-06;2020-11-08;1
EYV0B2QG;UQAWNY01Z;6227.59;2020-12-24;2020-12-27;3
KHMN2X26;8AOMR;2044.57;2020-11-17;2020-11-18;2
1U6KODULB9K;GHOXK0WV;0.0;2021-02-24;2021-02-24;5
PWC8OX45M86EQNO;YUT15GEH;8598.28;2021-05-25;2021-05-26;1
5LGEA;WY7BDS3XK;0.0;2021-08-28;2021-08-28;5
1U6KODULB9K;YYGZ8;6041.75;2021-09-01;2021-09-02;4
KJRZYJA;QYDA67AARF;6352.69;2021-03-09;2021-03-11;3
SZGSM5FQKMC;5T6SB;4209.36;2020-12-14;2020-12-15;2
KHMN2X26;WY7BDS3XK;1082.95;2021-08-26;2021-08-29;4
FM466AM7M89;RF39LM1LS;6457.97;2020-11-28;2020-12-01;
EYV0B2QG;MN8JR;3735.65;2020-11-18;2020-11-21;1
PWC8OX45M86EQNO;E5V2XEZT;7641.99;2021-10-24;2021-10-24;4
PWC8OX45M86EQNO;2W7LDQ6I0;3695.1;2021-05-03;2021-05-03;5
PWC8OX45M86EQNO;2W7LDQ6I0;3695.1;2021-05-03;2021-05-03;5
9DPQH5A69MFVK;8AOMR;2805.73;2021-10-18;2021-10-19;3
EYV0B2QG;CLXTSMND43;5636.26;2021-02-13;2021-02-15;
W10VLTND6ZX;PE22ONWQQG;7313.3;2021-06-19;2021-06-22;4
EYV0B2QG;U3KEMJRP;1969.97;2021-10-15;2021-10-15;5
9DPQH5A69MFVK;8AOMR;6305.37;2021-09-29;2021-10-01;5
XRO5S3COWGXH;MN8JR;8891.82;2021-09-25;2021-09-25;
9DPQH5A69MFVK;W3ZZY0;7779.95;2021-02-27;2021-02-27;2
5968K9CHBDQIE;181ZJ4L;9284.16;2021-04-30;2021-05-03;4
KJRZYJA;YUT15GEH;880.5;2021-01-06;2021-01-07;3
UY9IOOA;K4I5E6T;7789.51;2021-01-16;2021-01-19;4
1U6KODULB9K;S0HPRVX4C;4081.15;2021-08-30;2021-09-01;2
WYXV9CKOX;S0HPRVX4C;4022.9;2021-07-01;2021-07-04;5
I7FEPG6PA9;T6XUU;3095.69;2021-07-31;2021-07-31;4
9RFK3W;MN8JR;0.0;2021-04-22;2021-04-23;1
KHMN2X26;UQAWNY01Z;1260.72;2021-09-07;2021-09-07;2
UY9IOOA;9X88V1PSF;3663.83;2021-07-17;2021-07-19;4
N67PF1G7Q1A;UQAWNY01Z;9638.59;2021-07-09;2021-07-11;3
SZGSM5FQKMC;FNL0K0;6317.96;2021-06-25;2021-06-28;1
W10VLTND6ZX;LH50PM28;529.83;2020-12-10;2020-12-12;3
5LGEA;3MY3PD;6536.7;2021-10-16;2021-10-19;1
KJRZYJA;LH50PM28;4066.87;2021-02-06;2021-02-06;
6XF0E43VOTV0V;7ZNQDRXTSL;7170.64;2021-11-02;2021-11-04;4
XRO5S3COWGXH;PE22ONWQQG;8858.05;2021-02-08;2021-02-08;2
I7FEPG6PA9;GHOXK0WV;7503.82;2021-05-28;2021-05-30;2
PWC8OX45M86EQNO;9X88V1PSF;9621.83;2021-04-23;2021-04-23;3
1U6KODULB9K;AU12BHGRMI;7913.53;2020-12-17;2020-12-19;5
N67PF1G7Q1A;0BWFKJXKR;9255.08;2020-11-14;2020-11-14;2
2SWAOG;YYGZ8;504.54;2021-02-03;2021-02-03;
SZGSM5FQKMC;QITWNG10;6976.39;2021-09-06;2021-09-06;
PWC8OX45M86EQNO;QITWNG10;1340.54;2021-02-05;2021-02-08;3
GL74B2U4DCJ1;62KM8;5548.29;2021-04-04;2021-04-07;5
6XF0E43VOTV0V;U3KEMJRP;832.74;2021-05-22;2021-05-24;2
6XF0E43VOTV0V;0K1Q8;7486.99;2020-12-25;2020-12-28;1
GL74B2U4DCJ1;WY7BDS3XK;2988.53;2021-03-05;2021-03-07;2
XRO5S3COWGXH;3MY3PD;9225.91;2021-03-25;2021-03-26;4
N67PF1G7Q1A;G7I8LG;2123.91;2021-01-17;2021-01-17;2
EYV0B2QG;62KM8;9708.56;2021-08-22;2021-08-24;4
W10VLTND6ZX;181ZJ4L;4051.72;2021-05-20;2021-05-20;2
WYXV9CKOX;YYGZ8;5692.95;2021-08-02;2021-08-02;4
UY9IOOA;VW59QA;2903.46;2021-08-25;2021-08-26;4
SZGSM5FQKMC;CLXTSMND43;4285.5;2020-11-17;2020-11-18;3
9RFK3W;YWTX5O1P;4945.24;2021-09-02;2021-09-03;2
EYV0B2QG;U3KEMJRP;0.0;2021-01-05;2021-01-05;3
UY9IOOA;7LKWDFJ8WS;3891.22;2020-11-18;2020-11-19;
9DPQH5A69MFVK;G0SJQRW0U;2000.67;2021-04-26;2021-04-29;
KHMN2X26;T6XUU;4827.29;2020-12-03;2020-12-05;4
PWC8OX45M86EQNO;0BWFKJXKR;3122.98;2020-11-06;2020-11-08;3
5968K9CHBDQIE;JO5DK9KMXA;4936.89;2021-10-04;2021-10-06;4
5LGEA;RF39LM1LS;0.0;2021-03-08;2021-03-10;5
9DPQH5A69MFVK;7YSW5PYR7A;3959.14;2021-05-29;2021-05-29;3
SZGSM5FQKMC;HH6HI3;1057.93;2021-03-02;2021-03-05;3
UY9IOOA;W3ZZY0;8493.04;2021-06-15;2021-06-15;1
SZGSM5FQKMC;0NLO2RDM1;0.0;2021-04-25;2021-04-28;3
9RFK3W;T6XUU;3878.13;2021-03-25;2021-03-27;2
KJRZYJA;W3ZZY0;1096.64;2021-03-15;2021-03-17;3
FM466AM7M89;JO5DK9KMXA;521.42;2021-05-08;2021-05-09;2
WYXV9CKOX;WY7BDS3XK;0.0;2021-08-09;2021-08-11;2
GL74B2U4DCJ1;YWTX5O1P;9585.98;2021-04-30;2021-04-30;3
9DPQH5A69MFVK;RPSHT8HW;4132.38;2021-09-27;2021-09-27;5
I7FEPG6PA9;G0SJQRW0U;7685.93;2020-12-19;2020-12-22;4
6XF0E43VOTV0V;QXYC7ABH97;514.26;2021-01-09;2021-01-10;2
9DPQH5A69MFVK;S904AO1R;7868.94;2021-06-03;2021-06-06;5
SZGSM5FQKMC;8AOMR;8496.35;2021-09-07;2021-09-07;5
FM466AM7M89;8U1NBT;3460.7;2021-03-24;2021-03-25;5
WYXV9CKOX;9X88V1PSF;562.91;2021-03-31;2021-04-03;4
KHMN2X26;VW59QA;4181.1;2021-02-15;2021-02-15;1
N67PF1G7Q1A;U3A3I1L5LH;5102.99;2021-10-18;2021-10-20;1
9RFK3W;QYDA67AARF;0.0;2020-12-27;2020-12-27;4
KHMN2X26;UQAWNY01Z;7331.24;2021-02-18;2021-02-18;1
EYV0B2QG;LH50PM28;8669.31;2021-07-27;2021-07-27;3
KHMN2X26;7ZNQDRXTSL;7398.93;2021-10-04;2021-10-04;3
FM466AM7M89;62KM8;5568.37;2021-09-22;2021-09-25;4
XRO5S3COWGXH;1LP1HD9BH8;4921.92;2021-08-17;2021-08-17;4
XRO5S3COWGXH;K4I5E6T;1366.57;2021-06-25;2021-06-26;4
GL74B2U4DCJ1;3MY3PD;7644.42;2020-12-03;2020-12-04;1
5968K9CHBDQIE;3YTICS;7916.18;2021-01-21;2021-01-23;
KHMN2X26;62KM8;0.0;2020-11-26;2020-11-26;4
FM466AM7M89;QYDA67AARF;8481.0;2021-01-25;2021-01-26;3
XRO5S3COWGXH;S904AO1R;2863.1;2021-05-31;2021-06-02;2
XRO5S3COWGXH;2W7LDQ6I0;5313.05;2021-07-30;2021-08-02;2
UY9IOOA;QITWNG10;2767.03;2021-09-05;2021-09-06;3
9DPQH5A69MFVK;QD9TJBQKAN;4746.07;2021-06-25;2021-06-26;2
KHMN2X26;QYDA67AARF;1471.81;2021-06-04;2021-06-06;4
5968K9CHBDQIE;0NLO2RDM1;3357.37;2021-04-30;2021-05-02;1
WYXV9CKOX;2W7LDQ6I0;2344.63;2021-10-27;2021-10-30;
PWC8OX45M86EQNO;K4I5E6T;6401.63;2021-07-18;2021-07-19;1
FM466AM7M89;E5V2XEZT;7714.58;2020-11-16;2020-11-19;5
XRO5S3COWGXH;T6XUU;3205.55;2021-09-24;2021-09-24;3
1U6KODULB9K;QITWNG10;9674.04;2021-10-06;2021-10-09;2
PWC8OX45M86EQNO;MN8JR;7734.42;2021-04-22;2021-04-24;4
2SWAOG;K2EUM;7601.76;2021-02-15;2021-02-16;4
I7FEPG6PA9;RF39LM1LS;8178.74;2021-06-14;2021-06-17;
UY9IOOA;HH6HI3;5941.05;2021-04-13;2021-04-15;3
9DPQH5A69MFVK;G0SJQRW0U;0.0;2021-01-03;2021-01-06;4
N67PF1G7Q1A;QD9TJBQKAN;6508.95;2021-01-30;2021-01-31;5
5LGEA;7YSW5PYR7A;720.11;2021-10-23;2021-10-23;5
5LGEA;LH50PM28;3149.63;2021-10-04;2021-10-05;4
FM466AM7M89;QXYC7ABH97;8548.31;2021-01-04;2021-01-07;4
PWC8OX45M86EQNO;K2EUM;0.0;2021-01-18;2021-01-18;3
W10VLTND6ZX;YYGZ8;6541.59;2021-03-19;2021-03-19;
UY9IOOA;3YTICS;9396.7;2021-09-10;2021-09-10;5
1U6KODULB9K;JSJ7TO;8784.76;2020-11-30;2020-12-03;2
N67PF1G7Q1A;QD9TJBQKAN;1602.89;2021-06-21;2021-06-21;1
5968K9CHBDQIE;UQAWNY01Z;6144.94;2021-09-28;2021-09-28;3
W10VLTND6ZX;G7I8LG;5858.04;2021-09-30;2021-10-01;3
SZGSM5FQKMC;D8KYWQQLOD;3549.18;2021-03-29;2021-03-31;5
PWC8OX45M86EQNO;2W7LDQ6I0;2916.09;2021-08-25;2021-08-27;5
5968K9CHBDQIE;RPSHT8HW;4486.04;2021-05-11;2021-05-14;1
FM466AM7M89;QD9TJBQKAN;2843.55;2020-12-09;2020-12-10;3
EYV0B2QG;62KM8;9346.26;2021-01-25;2021-01-28;1
FM466AM7M89;WY7BDS3XK;7457.22;2020-12-23;2020-12-26;3
FM466AM7M89;1LP1HD9BH8;6228.44;2021-11-02;2021-11-05;5
9DPQH5A69MFVK;1LP1HD9BH8;9116.6;2021-03-14;2021-03-15;5
SZGSM5FQKMC;0NLO2RDM1;5481.56;2021-10-31;2021-11-02;1
9RFK3W;S904AO1R;3207.77;2021-07-19;2021-07-22;1
2SWAOG;WY7BDS3XK;3218.85;2021-06-26;2021-06-28;2
5LGEA;0K1Q8;4673.57;2021-06-12;2021-06-13;4
W10VLTND6ZX;JO5DK9KMXA;1834.44;2020-11-30;2020-12-01;
1U6KODULB9K;3YTICS;6658.38;2021-08-09;2021-08-11;2
EYV0B2QG;FNL0K0;1297.37;2021-06-14;2021-06-15;3
I7FEPG6PA9;YUT15GEH;0.0;2021-10-04;2021-10-07;4
1U6KODULB9K;G7I8LG;1407.79;2021-02-07;2021-02-10;2
5LGEA;U3KEMJRP;4149.71;2021-01-21;2021-01-21;3
PWC8OX45M86EQNO;3YTICS;7631.09;2021-02-12;2021-02-14;3
EYV0B2QG;FNL0K0;0.0;2021-03-09;2021-03-10;4
KHMN2X26;0BWFKJXKR;6285.43;2021-01-28;2021-01-30;4
2SWAOG;YWTX5O1P;3746.89;2021-10-02;2021-10-02;4
KJRZYJA;U3KEMJRP;4995.25;2021-08-16;2021-08-17;4
GL74B2U4DCJ1;QYDA67AARF;3942.09;2020-11-14;2020-11-15;2
KJRZYJA;0K1Q8;1612.42;2021-04-08;2021-04-08;4
W10VLTND6ZX;8U1NBT;8827.13;2021-07-30;2021-08-02;2
I7FEPG6PA9;MN8JR;7905.23;2021-06-12;2021-06-14;4
FM466AM7M89;S0HPRVX4C;9360.58;2021-01-15;2021-01-17;1
PWC8OX45M86EQNO;YWTX5O1P;3972.46;2020-12-24;2020-12-25;4
XRO5S3COWGXH;181ZJ4L;3779.09;2021-01-26;2021-01-29;1
N67PF1G7Q1A;UQAWNY01Z;2863.21;2020-11-17;2020-11-20;5
5LGEA;YYGZ8;5773.64;2021-10-17;2021-10-20;4
2SWAOG;8U1NBT;6327.13;2021-04-18;2021-04-19;1
WYXV9CKOX;YUT15GEH;8226.35;2021-05-22;2021-05-23;2
9DPQH5A69MFVK;5T6SB;9372.8;2021-10-08;2021-10-11;1
9DPQH5A69MFVK;G7I8LG;2486.02;2021-01-06;2021-01-08;5
2SWAOG;7YSW5PYR7A;9811.48;2021-01-09;2021-01-11;1
KHMN2X26;S904AO1R;7657.83;2021-03-11;2021-03-11;
5968K9CHBDQIE;U3A3I1L5LH;0.0;2021-06-26;2021-06-27;
EYV0B2QG;U3KEMJRP;6507.55;2021-08-22;2021-08-22;5
GL74B2U4DCJ1;YYGZ8;7922.68;2021-06-06;2021-06-06;
9RFK3W;JSJ7TO;1716.68;2021-05-02;2021-05-04;2
EYV0B2QG;RF39LM1LS;3674.73;2021-01-12;2021-01-13;5
SZGSM5FQKMC;RF39LM1LS;9884.73;2021-02-09;2021-02-09;1
WYXV9CKOX;K2EUM;4194.94;2021-07-12;2021-07-12;3
KJRZYJA;U3KEMJRP;9054.48;2021-02-01;2021-02-01;3
9RFK3W;G0SJQRW0U;1722.14;2021-08-02;2021-08-05;2
FM466AM7M89;5T6SB;2761.86;2021-09-04;2021-09-05;4
5968K9CHBDQIE;AU12BHGRMI;5446.79;2021-09-11;2021-09-11;1
I7FEPG6PA9;G7I8LG;1978.56;2021-11-03;2021-11-04;5
1U6KODULB9K;62KM8;5171.42;2021-04-24;2021-04-26;4
6XF0E43VOTV0V;K2EUM;2456.07;2021-02-03;2021-02-03;3
I7FEPG6PA9;K2EUM;3651.13;2021-04-15;2021-04-17;2
1U6KODULB9K;U3KEMJRP;7065.73;2021-10-28;2021-10-29;3
EYV0B2QG;2W7LDQ6I0;792.15;2021-08-11;2021-08-14;3
EYV0B2QG;U3KEMJRP;9508.69;2021-01-13;2021-01-13;4
I7FEPG6PA9;VW59QA;6211.5;2021-07-25;2021-07-25;2
KHMN2X26;S904AO1R;6673.93;2021-03-04;2021-03-05;3
2SWAOG;FNL0K0;7194.84;2020-11-07;2020-11-10;4
GL74B2U4DCJ1;5T6SB;9564.49;2020-12-14;2020-12-17;1
EYV0B2QG;1LP1HD9BH8;8011.48;2021-08-11;2021-08-11;1
GL74B2U4DCJ1;PE22ONWQQG;2984.77;2021-02-20;2021-02-21;4
XRO5S3COWGXH;MN8JR;1061.22;2021-09-07;2021-09-07;2
SZGSM5FQKMC;7YSW5PYR7A;9027.71;2021-09-23;2021-09-26;4
5968K9CHBDQIE;K4I5E6T;3612.28;2021-04-07;2021-04-09;
WYXV9CKOX;GHOXK0WV;7014.67;2020-11-17;2020-11-19;2
1U6KODULB9K;0K1Q8;9331.75;2021-05-23;2021-05-24;1
2SWAOG;U3KEMJRP;3504.9;2020-12-15;2020-12-16;2
1U6KODULB9K;K4I5E6T;2118.85;2021-10-17;2021-10-20;5
SZGSM5FQKMC;0K1Q8;9385.03;2021-08-27;2021-08-28;
KJRZYJA;7YSW5PYR7A;3973.57;2021-10-20;2021-10-21;3
FM466AM7M89;3YTICS;804.49;2021-09-03;2021-09-03;1
1U6KODULB9K;2W7LDQ6I0;1496.71;2021-01-30;2021-02-01;3
W10VLTND6ZX;RF39LM1LS;7761.86;2021-03-21;2021-03-23;2
EYV0B2QG;3MY3PD;1504.16;2021-05-18;2021-05-19;4
2SWAOG;QITWNG10;8601.54;2021-02-07;2021-02-10;4
6XF0E43VOTV0V;WY7BDS3XK;0.0;2021-04-03;2021-04-04;1
2SWAOG;8U1NBT;7151.36;2021-03-11;2021-03-11;3
PWC8OX45M86EQNO;JSJ7TO;8320.72;2021-09-17;2021-09-20;2
I7FEPG6PA9;9X88V1PSF;3986.66;2021-06-16;2021-06-19;
PWC8OX45M86EQNO;62KM8;696.81;2021-11-01;2021-11-02;5
5LGEA;JO5DK9KMXA;8998.86;2021-10-11;2021-10-12;5
N67PF1G7Q1A;QD9TJBQKAN;0.0;2021-10-06;2021-10-08;
5968K9CHBDQIE;181ZJ4L;0.0;2021-05-27;2021-05-30;1
PWC8OX45M86EQNO;FNL0K0;9939.55;2021-06-17;2021-06-18;1
1U6KODULB9K;GHOXK0WV;2285.91;2021-04-18;2021-04-18;2
UY9IOOA;S904AO1R;6531.89;2021-08-11;2021-08-13;3
FM466AM7M89;QXYC7ABH97;4487.95;2020-12-10;2020-12-13;3
WYXV9CKOX;8U1NBT;8415.45;2021-09-27;2021-09-27;3
9DPQH5A69MFVK;CLXTSMND43;0.0;2021-03-29;2021-03-30;3
WYXV9CKOX;3MY3PD;4959.11;2021-01-23;2021-01-26;3
SZGSM5FQKMC;9X88V1PSF;7592.52;2021-07-31;2021-08-03;2
WYXV9CKOX;U3KEMJRP;2799.81;2021-05-23;2021-05-26;5
KJRZYJA;JSJ7TO;1323.17;2021-04-13;2021-04-16;1
KJRZYJA;MN8JR;5351.14;2021-04-02;2021-04-05;1
KJRZYJA;MN8JR;5351.14;2021-04-02;2021-04-05;1
9DPQH5A69MFVK;YYGZ8;9084.27;2020-11-19;2020-11-22;2
XRO5S3COWGXH;RF39LM1LS;9188.61;2021-09-01;2021-09-04;1
2SWAOG;GHOXK0WV;4635.29;2021-04-12;2021-04-14;4
SZGSM5FQKMC;0K1Q8;2117.43;2021-09-29;2021-09-29;4
UY9IOOA;HH6HI3;9617.47;2021-08-17;2021-08-19;1
9RFK3W;0K1Q8;5427.11;2021-09-06;2021-09-09;2
KJRZYJA;8U1NBT;5556.48;2020-11-13;2020-11-13;2
1U6KODULB9K;E5V2XEZT;5053.59;2021-03-19;2021-03-19;5
6XF0E43VOTV0V;0BWFKJXKR;6242.63;2021-05-12;2021-05-12;4
WYXV9CKOX;0NLO2RDM1;736.5;2021-03-31;2021-04-02;1
KHMN2X26;U3A3I1L5LH;5899.55;2021-08-18;2021-08-20;4
1U6KODULB9K;7ZNQDRXTSL;8690.44;2021-03-01;2021-03-02;2
KHMN2X26;QD9TJBQKAN;780.35;2021-03-29;2021-03-31;2
N67PF1G7Q1A;T6XUU;1296.65;2020-12-25;2020-12-25;1
W10VLTND6ZX;5T6SB;0.0;2021-05-08;2021-05-09;1
9DPQH5A69MFVK;2W7LDQ6I0;9662.31;2021-04-17;2021-04-17;
WYXV9CKOX;3YTICS;6046.42;2021-07-20;2021-07-23;4
KJRZYJA;LH50PM28;7837.75;2021-09-14;2021-09-14;5
UY9IOOA;7YSW5PYR7A;0.0;2021-06-16;2021-06-18;4
I7FEPG6PA9;62KM8;6660.23;2021-02-01;2021-02-02;1
XRO5S3COWGXH;GHOXK0WV;6544.47;2021-01-10;2021-01-13;2
SZGSM5FQKMC;GHOXK0WV;4176.7;2020-11-21;2020-11-24;1
I7FEPG6PA9;K4I5E6T;9945.92;2021-10-31;2021-11-01;3
I7FEPG6PA9;W3ZZY0;997.3;2021-01-02;2021-01-03;1
1U6KODULB9K;3MY3PD;9729.7;2021-01-23;2021-01-24;2
WYXV9CKOX;UQAWNY01Z;9164.0;2021-03-20;2021-03-20;1
PWC8OX45M86EQNO;7LKWDFJ8WS;1836.97;2021-04-14;2021-04-16;1
EYV0B2QG;MN8JR;0.0;2021-05-21;2021-05-21;4
5968K9CHBDQIE;0K1Q8;7048.28;2021-08-05;2021-08-06;5
W10VLTND6ZX;7LKWDFJ8WS;3941.28;2021-04-19;2021-04-21;4
GL74B2U4DCJ1;CLXTSMND43;0.0;2021-04-29;2021-04-29;5
WYXV9CKOX;YYGZ8;2233.88;2021-07-11;2021-07-13;
XRO5S3COWGXH;YWTX5O1P;8762.08;2021-08-30;2021-09-02;2
5968K9CHBDQIE;7ZNQDRXTSL;1120.6;2021-10-08;2021-10-09;3
KHMN2X26;QITWNG10;5322.89;2020-12-02;2020-12-04;
FM466AM7M89;JO5DK9KMXA;2796.71;2020-12-03;2020-12-06;3
FM466AM7M89;K2EUM;2839.98;2021-09-15;2021-09-15;2
UY9IOOA;181ZJ4L;7655.34;2021-04-09;2021-04-12;1
WYXV9CKOX;JSJ7TO;4557.37;2020-12-22;2020-12-24;3
KHMN2X26;CLXTSMND43;1898.74;2021-04-20;2021-04-20;1
UY9IOOA;JO5DK9KMXA;2719.43;2021-07-22;2021-07-23;4
6XF0E43VOTV0V;YWTX5O1P;6146.87;2021-02-23;2021-02-26;1
GL74B2U4DCJ1;YUT15GEH;1549.2;2021-04-05;2021-04-07;1
FM466AM7M89;7YSW5PYR7A;8427.43;2021-09-07;2021-09-10;2
XRO5S3COWGXH;YWTX5O1P;9793.95;2021-07-14;2021-07-16;
XRO5S3COWGXH;K2EUM;0.0;2021-09-22;2021-09-22;4
5LGEA;E5V2XEZT;2095.59;2021-08-03;2021-08-04;4
5LGEA;RF39LM1LS;721.49;2021-06-02;2021-06-02;1
KJRZYJA;9X88V1PSF;5452.56;2021-03-02;2021-03-03;3
5LGEA;E5V2XEZT;7622.21;2021-08-05;2021-08-05;3
5LGEA;1LP1HD9BH8;3714.6;2021-01-31;2021-01-31;5
I7FEPG6PA9;UQAWNY01Z;5148.47;2021-03-08;2021-03-10;1
5968K9CHBDQIE;W3ZZY0;6723.38;2021-09-10;2021-09-12;2
WYXV9CKOX;FNL0K0;6781.72;2021-08-26;2021-08-28;2
1U6KODULB9K;K4I5E6T;0.0;2021-01-28;2021-01-28;2
I7FEPG6PA9;0K1Q8;0.0;2021-09-16;2021-09-19;5
GL74B2U4DCJ1;YUT15GEH;3690.92;2021-09-09;2021-09-11;5
9RFK3W;YWTX5O1P;9322.64;2020-11-14;2020-11-16;3
GL74B2U4DCJ1;0NLO2RDM1;3183.81;2021-07-04;2021-07-04;1
N67PF1G7Q1A;PE22ONWQQG;0.0;2021-03-26;2021-03-28;2
XRO5S3COWGXH;LH50PM28;9433.98;2021-03-05;2021-03-05;2
N67PF1G7Q1A;U3KEMJRP;7760.71;2021-07-14;2021-07-16;5
1U6KODULB9K;VW59QA;6061.63;2021-04-23;2021-04-26;5
UY9IOOA;JO5DK9KMXA;5732.13;2021-04-27;2021-04-27;4
KJRZYJA;U3A3I1L5LH;9006.38;2021-03-09;2021-03-09;3
WYXV9CKOX;U3KEMJRP;5215.61;2020-12-20;2020-12-22;2
2SWAOG;7LKWDFJ8WS;9350.97;2021-01-07;2021-01-08;3
2SWAOG;S904AO1R;5270.0;2021-08-10;2021-08-13;2
FM466AM7M89;3MY3PD;1303.88;2021-05-22;2021-05-23;5
WYXV9CKOX;FNL0K0;4773.67;2021-10-04;2021-10-07;
W10VLTND6ZX;K4I5E6T;5704.94;2021-02-27;2021-02-28;4
EYV0B2QG;7ZNQDRXTSL;0.0;2021-02-24;2021-02-27;2
KHMN2X26;U3A3I1L5LH;2577.82;2021-03-08;2021-03-08;3
SZGSM5FQKMC;0BWFKJXKR;4823.25;2021-02-03;2021-02-05;4
FM466AM7M89;62KM8;4490.97;2021-09-15;2021-09-17;4
GL74B2U4DCJ1;2W7LDQ6I0;4715.82;2021-10-14;2021-10-16;1
1U6KODULB9K;HH6HI3;5099.47;2021-03-09;2021-03-10;4
9RFK3W;3MY3PD;1522.48;2021-04-29;2021-04-30;4
9RFK3W;2W7LDQ6I0;2121.82;2021-07-17;2021-07-19;1
KHMN2X26;CLXTSMND43;9688.91;2021-01-29;2021-01-29;2
UY9IOOA;9X88V1PSF;3086.79;2021-01-28;2021-01-30;2
9RFK3W;0BWFKJXKR;8044.44;2021-08-10;2021-08-12;
GL74B2U4DCJ1;JO5DK9KMXA;0.0;2021-09-01;2021-09-04;1
5968K9CHBDQIE;G7I8LG;8118.04;2021-06-29;2021-07-01;4
N67PF1G7Q1A;T6XUU;6058.19;2021-07-11;2021-07-11;5
2SWAOG;K2EUM;5142.69;2020-12-03;2020-12-04;2
9DPQH5A69MFVK;HH6HI3;3612.29;2021-07-19;2021-07-22;2
KJRZYJA;G7I8LG;9792.77;2021-08-31;2021-08-31;
I7FEPG6PA9;7YSW5PYR7A;1971.37;2021-01-29;2021-01-29;4
W10VLTND6ZX;AU12BHGRMI;2690.54;2021-06-02;2021-06-02;3
KJRZYJA;G0SJQRW0U;7923.93;2021-02-20;2021-02-21;2
5LGEA;AU12BHGRMI;7682.0;2021-05-16;2021-05-18;4
GL74B2U4DCJ1;8AOMR;6489.95;2021-09-19;2021-09-22;4
N67PF1G7Q1A;VW59QA;768.38;2021-03-23;2021-03-23;5
9DPQH5A69MFVK;1LP1HD9BH8;6137.38;2021-02-16;2021-02-18;2
KJRZYJA;WY7BDS3XK;8832.99;2020-12-01;2020-12-01;1
2SWAOG;K2EUM;8269.03;2021-08-05;2021-08-08;
KJRZYJA;AU12BHGRMI;1402.48;2020-11-25;2020-11-26;3
W10VLTND6ZX;YUT15GEH;0.0;2021-02-18;2021-02-18;2
KHMN2X26;QD9TJBQKAN;6747.36;2021-06-16;2021-06-19;4
KJRZYJA;G0SJQRW0U;5087.4;2021-03-18;2021-03-21;4
9RFK3W;QYDA67AARF;3425.21;2020-12-19;2020-12-19;1
GL74B2U4DCJ1;VW59QA;3793.12;2020-12-06;2020-12-08;4
I7FEPG6PA9;9X88V1PSF;8447.6;2021-09-12;2021-09-15;4
EYV0B2QG;3MY3PD;6408.02;2020-11-30;2020-12-02;5
9RFK3W;3YTICS;923.14;2021-09-23;2021-09-23;2
1U6KODULB9K;UQAWNY01Z;816.94;2021-10-30;2021-10-31;2
GL74B2U4DCJ1;CLXTSMND43;2383.97;2021-07-03;2021-07-04;1
UY9IOOA;UQAWNY01Z;7009.39;2020-11-16;2020-11-16;1
XRO5S3COWGXH;0K1Q8;4649.63;2021-04-03;2021-04-04;4
9DPQH5A69MFVK;YYGZ8;6167.87;2021-05-20;2021-05-21;1
UY9IOOA;QYDA67AARF;1683.55;2021-03-05;2021-03-06;2
FM466AM7M89;QITWNG10;4066.64;2021-02-23;2021-02-23;2
PWC8OX45M86EQNO;YUT15GEH;1496.91;2021-04-28;2021-04-30;3
1U6KODULB9K;G0SJQRW0U;9805.57;2021-08-26;2021-08-29;4
5968K9CHBDQIE;HH6HI3;1874.11;2021-03-24;2021-03-27;2
FM466AM7M89;RPSHT8HW;9921.38;2021-10-16;2021-10-16;2
SZGSM5FQKMC;WY7BDS3XK;5575.24;2020-12-31;2020-12-31;5
XRO5S3COWGXH;QYDA67AARF;3786.58;2021-09-03;2021-09-03;3
KHMN2X26;K2EUM;0.0;2021-05-10;2021-05-13;1
W10VLTND6ZX;WY7BDS3XK;0.0;2021-01-22;2021-01-25;5
W10VLTND6ZX;WY7BDS3XK;7681.82;2021-03-29;2021-03-29;2
GL74B2U4DCJ1;T6XUU;6399.73;2021-07-02;2021-07-05;5
UY9IOOA;G7I8LG;549.94;2021-08-04;2021-08-06;1
PWC8OX45M86EQNO;7LKWDFJ8WS;3817.99;2021-05-17;2021-05-17;3
6XF0E43VOTV0V;U3KEMJRP;1804.02;2020-11-25;2020-11-25;1
WYXV9CKOX;0K1Q8;0.0;2020-11-11;2020-11-11;
1U6KODULB9K;QYDA67AARF;0.0;2021-10-31;2021-11-03;2
EYV0B2QG;G0SJQRW0U;1438.96;2020-11-22;2020-11-25;4
9DPQH5A69MFVK;5T6SB;8911.25;2021-05-30;2021-05-30;4
N67PF1G7Q1A;E5V2XEZT;3967.61;2021-03-01;2021-03-01;5
I7FEPG6PA9;GHOXK0WV;6157.87;2021-06-10;2021-06-10;
W10VLTND6ZX;RF39LM1LS;7269.03;2021-04-25;2021-04-28;5
N67PF1G7Q1A;181ZJ4L;4109.69;2021-04-15;2021-04-17;3
FM466AM7M89;QXYC7ABH97;6532.31;2021-04-07;2021-04-10;5
9RFK3W;WY7BDS3XK;9683.03;2021-05-27;2021-05-27;2
KJRZYJA;8AOMR;9792.41;2021-04-10;2021-04-12;2
5968K9CHBDQIE;7YSW5PYR7A;4468.89;2021-05-27;2021-05-28;2
WYXV9CKOX;8AOMR;6201.47;2021-09-20;2021-09-20;
FM466AM7M89;8AOMR;5438.16;2021-03-23;2021-03-24;2
SZGSM5FQKMC;JO5DK9KMXA;6437.82;2021-07-22;2021-07-22;1
UY9IOOA;RPSHT8HW;5121.07;2021-05-27;2021-05-27;1
PWC8OX45M86EQNO;WY7BDS3XK;9372.39;2021-01-07;2021-01-09;5
9RFK3W;8U1NBT;8873.04;2021-03-29;2021-03-29;2
FM466AM7M89;S904AO1R;4738.62;2021-01-17;2021-01-17;5
6XF0E43VOTV0V;G0SJQRW0U;3779.63;2020-11-24;2020-11-27;1
FM466AM7M89;7LKWDFJ8WS;4531.41;2021-07-11;2021-07-12;3
5LGEA;QD9TJBQKAN;7469.75;2021-04-22;2021-04-25;1
I7FEPG6PA9;QD9TJBQKAN;2889.31;2021-02-26;2021-02-27;2
5LGEA;181ZJ4L;6633.28;2021-07-14;2021-07-17;5
FM466AM7M89;U3A3I1L5LH;2949.61;2021-01-24;2021-01-24;2
N67PF1G7Q1A;8AOMR;5819.28;2021-08-28;2021-08-29;4
KJRZYJA;3YTICS;3013.88;2021-02-08;2021-02-08;4
5LGEA;K2EUM;6590.98;2021-08-05;2021-08-07;3
SZGSM5FQKMC;U3KEMJRP;1889.42;2021-04-08;2021-04-08;3
9DPQH5A69MFVK;RPSHT8HW;3077.56;2021-08-03;2021-08-04;2
5968K9CHBDQIE;0NLO2RDM1;2472.08;2020-11-21;2020-11-24;4
WYXV9CKOX;YYGZ8;2933.25;2021-07-22;2021-07-23;
GL74B2U4DCJ1;181ZJ4L;0.0;2021-04-07;2021-04-07;3
FM466AM7M89;K2EUM;0.0;2021-09-30;2021-10-01;2
I7FEPG6PA9;AU12BHGRMI;1993.53;2021-01-13;2021-01-13;2
KJRZYJA;5T6SB;8308.81;2021-11-01;2021-11-01;4
XRO5S3COWGXH;YUT15GEH;9483.21;2021-04-20;2021-04-22;3
5968K9CHBDQIE;K4I5E6T;9062.36;2021-08-08;2021-08-10;2
I7FEPG6PA9;62KM8;1884.88;2021-07-15;2021-07-15;2
EYV0B2QG;QXYC7ABH97;1504.64;2021-01-09;2021-01-09;
5968K9CHBDQIE;D8KYWQQLOD;7037.14;2021-08-15;2021-08-16;2
6XF0E43VOTV0V;CLXTSMND43;1561.31;2021-02-26;2021-02-28;1
2SWAOG;0K1Q8;7374.2;2021-03-02;2021-03-03;1
9DPQH5A69MFVK;QITWNG10;2425.9;2021-05-15;2021-05-15;2
1U6KODULB9K;FNL0K0;0.0;2020-11-21;2020-11-23;3
SZGSM5FQKMC;QD9TJBQKAN;0.0;2021-01-18;2021-01-18;5
SZGSM5FQKMC;0K1Q8;7026.21;2021-05-31;2021-06-01;
XRO5S3COWGXH;UQAWNY01Z;6901.53;2021-08-03;2021-08-04;1
XRO5S3COWGXH;QYDA67AARF;2427.24;2020-12-27;2020-12-30;1
PWC8OX45M86EQNO;G7I8LG;7905.29;2021-06-19;2021-06-21;2
KJRZYJA;8AOMR;9029.94;2021-04-20;2021-04-23;5
1U6KODULB9K;U3A3I1L5LH;6702.17;2021-09-14;2021-09-17;5
EYV0B2QG;8U1NBT;2551.21;2021-01-03;2021-01-03;1
GL74B2U4DCJ1;T6XUU;8572.18;2021-06-26;2021-06-28;5
N67PF1G7Q1A;S0HPRVX4C;0.0;2021-08-27;2021-08-28;5
9RFK3W;GHOXK0WV;3079.95;2021-04-02;2021-04-02;5
PWC8OX45M86EQNO;7YSW5PYR7A;4105.73;2020-12-17;2020-12-20;3
6XF0E43VOTV0V;0K1Q8;8632.37;2021-10-23;2021-10-25;2
6XF0E43VOTV0V;GHOXK0WV;2301.88;2020-11-25;2020-11-26;4
9RFK3W;T6XUU;6889.45;2020-12-15;2020-12-16;2
5968K9CHBDQIE;7ZNQDRXTSL;2399.84;2021-03-17;2021-03-18;4
SZGSM5FQKMC;FNL0K0;1882.55;2021-04-29;2021-04-29;2
I7FEPG6PA9;W3ZZY0;2096.22;2021-09-05;2021-09-05;1
9RFK3W;T6XUU;8012.93;2021-08-18;2021-08-20;3
N67PF1G7Q1A;S0HPRVX4C;8667.79;2021-06-25;2021-06-26;2
W10VLTND6ZX;WY7BDS3XK;3150.7;2020-12-17;2020-12-19;3
GL74B2U4DCJ1;U3A3I1L5LH;3242.09;2021-09-16;2021-09-18;5
EYV0B2QG;3YTICS;3156.57;2021-01-24;2021-01-25;1
FM466AM7M89;YUT15GEH;9006.51;2021-01-07;2021-01-07;
N67PF1G7Q1A;U3A3I1L5LH;3973.43;2021-03-28;2021-03-28;2
EYV0B2QG;QYDA67AARF;9917.02;2021-09-11;2021-09-12;2
5LGEA;K2EUM;8957.09;2021-01-13;2021-01-14;
GL74B2U4DCJ1;8U1NBT;5065.25;2021-07-18;2021-07-18;1
KJRZYJA;G7I8LG;9416.92;2021-07-24;2021-07-27;4
KJRZYJA;G7I8LG;9416.92;2021-07-24;2021-07-27;4
SZGSM5FQKMC;1LP1HD9BH8;4541.62;2021-08-24;2021-08-27;2
W10VLTND6ZX;G0SJQRW0U;3235.98;2021-08-19;2021-08-20;4
KJRZYJA;E5V2XEZT;7287.48;2021-06-11;2021-06-11;3
XRO5S3COWGXH;UQAWNY01Z;2884.2;2021-05-01;2021-05-03;1
2SWAOG;YWTX5O1P;1641.15;2021-04-28;2021-04-29;
6XF0E43VOTV0V;VW59QA;8805.33;2021-05-04;2021-05-07;1
W10VLTND6ZX;2W7LDQ6I0;1560.64;2021-03-28;2021-03-28;5
WYXV9CKOX;9X88V1PSF;625.8;2021-05-15;2021-05-17;5
UY9IOOA;181ZJ4L;6909.44;2021-11-02;2021-11-02;
W10VLTND6ZX;AU12BHGRMI;9017.99;2021-04-04;2021-04-05;1
XRO5S3COWGXH;1LP1HD9BH8;4811.16;2021-03-28;2021-03-31;3
EYV0B2QG;2W7LDQ6I0;2443.32;2020-11-18;2020-11-18;3
PWC8OX45M86EQNO;G7I8LG;3716.8;2021-05-01;2021-05-02;1
6XF0E43VOTV0V;QXYC7ABH97;5240.9;2020-11-14;2020-11-14;2
6XF0E43VOTV0V;E5V2XEZT;8411.58;2020-12-10;2020-12-12;2
GL74B2U4DCJ1;WY7BDS3XK;3830.63;2021-02-08;2021-02-08;
1U6KODULB9K;HH6HI3;0.0;2021-02-10;2021-02-13;5
5968K9CHBDQIE;E5V2XEZT;5508.79;2021-03-21;2021-03-21;5
GL74B2U4DCJ1;D8KYWQQLOD;4230.22;2021-07-30;2021-08-02;2
5968K9CHBDQIE;0BWFKJXKR;3977.38;2021-07-20;2021-07-21;5
N67PF1G7Q1A;CLXTSMND43;9918.54;2021-10-10;2021-10-12;2
1U6KODULB9K;3MY3PD;6380.31;2021-10-05;2021-10-07;3
KJRZYJA;K4I5E6T;810.7;2021-03-23;2021-03-25;3
5968K9CHBDQIE;K4I5E6T;5481.19;2021-03-07;2021-03-10;2
1U6KODULB9K;S0HPRVX4C;804.99;2021-05-16;2021-05-17;5
WYXV9CKOX;MN8JR;4124.51;2021-06-17;2021-06-17;1
N67PF1G7Q1A;LH50PM28;1720.25;2021-07-12;2021-07-13;5
SZGSM5FQKMC;JO5DK9KMXA;3633.23;2021-01-21;2021-01-23;3
6XF0E43VOTV0V;9X88V1PSF;3832.91;2021-02-20;2021-02-23;1
5LGEA;K2EUM;9123.02;2021-08-07;2021-08-07;2
KJRZYJA;QXYC7ABH97;8873.21;2021-04-08;2021-04-09;4
5968K9CHBDQIE;1LP1HD9BH8;4520.66;2021-03-21;2021-03-23;3
KHMN2X26;0BWFKJXKR;888.17;2021-09-11;2021-09-12;3
I7FEPG6PA9;181ZJ4L;2813.01;2021-10-21;2021-10-24;4
UY9IOOA;62KM8;4158.93;2021-04-04;2021-04-07;5
EYV0B2QG;0NLO2RDM1;4092.65;2021-08-16;2021-08-16;4
5LGEA;8U1NBT;4682.8;2021-04-29;2021-04-29;4
5968K9CHBDQIE;QITWNG10;5019.13;2021-05-14;2021-05-17;4
WYXV9CKOX;JSJ7TO;9212.74;2021-08-28;2021-08-31;5
6XF0E43VOTV0V;UQAWNY01Z;560.13;2021-02-02;2021-02-03;1
KHMN2X26;QXYC7ABH97;5712.04;2021-07-21;2021-07-24;5
UY9IOOA;UQAWNY01Z;3870.31;2021-09-28;2021-09-28;4
2SWAOG;181ZJ4L;747.33;2021-05-01;2021-05-03;1
KHMN2X26;U3KEMJRP;0.0;2021-07-20;2021-07-20;5
SZGSM5FQKMC;LH50PM28;0.0;2021-01-01;2021-01-04;2
PWC8OX45M86EQNO;RPSHT8HW;2895.21;2021-04-29;2021-04-30;5
UY9IOOA;JSJ7TO;6345.44;2021-10-02;2021-10-03;1
I7FEPG6PA9;D8KYWQQLOD;2156.36;2021-04-13;2021-04-15;4
9DPQH5A69MFVK;LH50PM28;3094.41;2021-05-18;2021-05-18;5
PWC8OX45M86EQNO;U3KEMJRP;2003.71;2021-01-16;2021-01-19;3
XRO5S3COWGXH;S0HPRVX4C;944.5;2021-07-11;2021-07-12;4
6XF0E43VOTV0V;7LKWDFJ8WS;8508.7;2021-06-20;2021-06-22;5
WYXV9CKOX;7ZNQDRXTSL;1170.42;2021-05-16;2021-05-16;3
PWC8OX45M86EQNO;WY7BDS3XK;6213.49;2021-02-23;2021-02-23;4
5968K9CHBDQIE;CLXTSMND43;0.0;2021-01-18;2021-01-18;1
6XF0E43VOTV0V;W3ZZY0;9588.72;2021-01-31;2021-02-01;4
KHMN2X26;JSJ7TO;9378.83;2021-06-02;2021-06-02;3
WYXV9CKOX;S904AO1R;4570.94;2020-12-29;2020-12-29;1
1U6KODULB9K;U3A3I1L5LH;8699.37;2021-04-26;2021-04-29;
N67PF1G7Q1A;0NLO2RDM1;1715.25;2020-12-06;2020-12-08;4
SZGSM5FQKMC;E5V2XEZT;709.57;2021-06-28;2021-06-29;4
KHMN2X26;D8KYWQQLOD;8848.18;2021-08-29;2021-08-31;1
KHMN2X26;QD9TJBQKAN;7397.25;2021-10-21;2021-10-21;2
KJRZYJA;181ZJ4L;7345.96;2021-10-16;2021-10-16;3
FM466AM7M89;9X88V1PSF;6038.76;2021-09-22;2021-09-25;5
2SWAOG;HH6HI3;3789.61;2021-07-17;2021-07-20;1
FM466AM7M89;HH6HI3;3476.84;2021-04-02;2021-04-02;5
PWC8OX45M86EQNO;QXYC7ABH97;1834.93;2021-02-07;2021-02-07;3
FM466AM7M89;U3A3I1L5LH;3759.65;2021-03-22;2021-03-24;5
WYXV9CKOX;S904AO1R;3099.19;2021-06-11;2021-06-11;3
6XF0E43VOTV0V;1LP1HD9BH8;5306.64;2020-12-08;2020-12-09;4
6XF0E43VOTV0V;W3ZZY0;7572.44;2021-10-30;2021-11-02;
FM466AM7M89;U3A3I1L5LH;6026.82;2021-02-08;2021-02-10;3
KJRZYJA;0NLO2RDM1;1464.23;2020-11-12;2020-11-14;4
N67PF1G7Q1A;CLXTSMND43;0.0;2021-02-22;2021-02-22;1
1U6KODULB9K;0K1Q8;3353.55;2020-11-21;2020-11-24;4
5968K9CHBDQIE;0K1Q8;9556.33;2021-08-06;2021-08-08;1
W10VLTND6ZX;7YSW5PYR7A;8138.87;2020-11-06;2020-11-08;2
5968K9CHBDQIE;RF39LM1LS;5159.98;2021-06-11;2021-06-11;4
FM466AM7M89;JSJ7TO;6334.9;2021-10-26;2021-10-29;1
9RFK3W;QD9TJBQKAN;6897.12;2021-02-02;2021-02-03;3
EYV0B2QG;JSJ7TO;9515.15;2021-01-18;2021-01-21;3
5LGEA;YWTX5O1P;7894.71;2021-06-26;2021-06-26;4
KJRZYJA;1LP1HD9BH8;2647.38;2021-09-09;2021-09-09;4
SZGSM5FQKMC;U3A3I1L5LH;1405.7;2021-01-08;2021-01-11;2
KHMN2X26;K4I5E6T;7539.72;2021-07-19;2021-07-21;1
6XF0E43VOTV0V;W3ZZY0;9843.83;2021-03-05;2021-03-08;2
XRO5S3COWGXH;FNL0K0;5698.81;2021-05-02;2021-05-04;3
EYV0B2QG;3YTICS;7354.01;2021-04-20;2021-04-23;2
9DPQH5A69MFVK;0NLO2RDM1;1030.17;2021-05-24;2021-05-26;5
GL74B2U4DCJ1;AU12BHGRMI;7658.17;2021-02-06;2021-02-06;3
9DPQH5A69MFVK;JO5DK9KMXA;9012.96;2021-03-04;2021-03-05;
1U6KODULB9K;MN8JR;5375.31;2020-11-05;2020-11-07;4
GL74B2U4DCJ1;8AOMR;2975.67;2021-06-14;2021-06-14;4
6XF0E43VOTV0V;K4I5E6T;3146.03;2020-11-19;2020-11-19;5
EYV0B2QG;3YTICS;1262.09;2021-03-05;2021-03-05;2
W10VLTND6ZX;8AOMR;4703.37;2021-07-17;2021-07-18;5
9RFK3W;62KM8;629.5;2021-07-31;2021-07-31;4
XRO5S3COWGXH;1LP1HD9BH8;2234.68;2021-08-19;2021-08-22;4
5LGEA;YYGZ8;8374.11;2021-07-06;2021-07-06;4
5LGEA;181ZJ4L;4963.08;2020-12-16;2020-12-18;4
W10VLTND6ZX;YYGZ8;9111.51;2021-10-01;2021-10-01;2
UY9IOOA;S0HPRVX4C;4934.65;2020-11-24;2020-11-26;5
EYV0B2QG;181ZJ4L;4121.25;2021-08-11;2021-08-13;2
WYXV9CKOX;U3KEMJRP;0.0;2021-02-27;2021-02-28;4
9RFK3W;GHOXK0WV;2986.59;2020-11-09;2020-11-09;5
XRO5S3COWGXH;K2EUM;2860.14;2021-07-04;2021-07-05;3
FM466AM7M89;G7I8LG;9364.61;2021-05-03;2021-05-03;4
PWC8OX45M86EQNO;YUT15GEH;3121.24;2021-06-08;2021-06-08;1
UY9IOOA;62KM8;1381.7;2021-03-13;2021-03-16;2
2SWAOG;7YSW5PYR7A;713.11;2021-09-13;2021-09-13;2
6XF0E43VOTV0V;HH6HI3;5159.97;2021-05-01;2021-05-04;5
9DPQH5A69MFVK;U3A3I1L5LH;9804.35;2021-06-12;2021-06-14;5
FM466AM7M89;8U1NBT;7803.55;2021-02-21;2021-02-22;1
N67PF1G7Q1A;QD9TJBQKAN;5093.04;2021-04-24;2021-04-25;5
UY9IOOA;UQAWNY01Z;8440.07;2020-11-22;2020-11-23;1
UY9IOOA;RPSHT8HW;3224.26;2020-11-25;2020-11-28;4
9DPQH5A69MFVK;QD9TJBQKAN;7190.47;2021-10-16;2021-10-18;5
I7FEPG6PA9;2W7LDQ6I0;7783.78;2021-01-25;2021-01-28;3
5968K9CHBDQIE;RF39LM1LS;9659.38;2021-08-02;2021-08-05;5
PWC8OX45M86EQNO;G7I8LG;2601.85;2021-04-01;2021-04-04;1
WYXV9CKOX;YUT15GEH;2409.45;2021-07-25;2021-07-28;2
5LGEA;S0HPRVX4C;6132.35;2021-10-12;2021-10-12;3
5968K9CHBDQIE;3MY3PD;9684.81;2021-03-27;2021-03-30;5
FM466AM7M89;E5V2XEZT;6452.49;2021-03-26;2021-03-27;5
SZGSM5FQKMC;9X88V1PSF;7071.75;2020-12-03;2020-12-04;
KHMN2X26;YUT15GEH;5166.25;2021-07-26;2021-07-29;5
EYV0B2QG;K4I5E6T;5439.32;2021-02-25;2021-02-25;
XRO5S3COWGXH;7ZNQDRXTSL;4025.29;2021-10-09;2021-10-10;2
1U6KODULB9K;JSJ7TO;8524.51;2021-09-12;2021-09-13;1
9DPQH5A69MFVK;LH50PM28;787.16;2021-05-28;2021-05-28;1
9DPQH5A69MFVK;S0HPRVX4C;9462.58;2021-09-30;2021-10-02;5
EYV0B2QG;W3ZZY0;7232.62;2021-09-03;2021-09-06;3
2SWAOG;0NLO2RDM1;4936.86;2021-06-28;2021-06-30;3
PWC8OX45M86EQNO;S0HPRVX4C;6934.86;2020-11-18;2020-11-19;1
5LGEA;U3KEMJRP;7639.25;2021-08-18;2021-08-19;5
5LGEA;JSJ7TO;4142.4;2021-03-26;2021-03-26;5
WYXV9CKOX;FNL0K0;9345.26;2021-04-08;2021-04-09;4
I7FEPG6PA9;CLXTSMND43;1760.25;2021-05-02;2021-05-05;4
PWC8OX45M86EQNO;S904AO1R;2895.48;2021-08-14;2021-08-16;1
GL74B2U4DCJ1;U3A3I1L5LH;3295.27;2021-08-16;2021-08-17;4
FM466AM7M89;G7I8LG;3227.02;2021-02-10;2021-02-11;2
UY9IOOA;2W7LDQ6I0;6966.05;2021-01-26;2021-01-26;2
XRO5S3COWGXH;T6XUU;9619.87;2021-06-08;2021-06-10;3
N67PF1G7Q1A;S904AO1R;7394.5;2021-04-20;2021-04-23;4
SZGSM5FQKMC;AU12BHGRMI;4922.4;2021-02-14;2021-02-17;2
EYV0B2QG;GHOXK0WV;9216.57;2021-06-06;2021-06-07;4
PWC8OX45M86EQNO;QXYC7ABH97;0.0;2020-12-28;2020-12-30;2
XRO5S3COWGXH;QYDA67AARF;6954.22;2021-04-24;2021-04-27;1
9DPQH5A69MFVK;K2EUM;7154.33;2021-03-19;2021-03-19;4
W10VLTND6ZX;QYDA67AARF;0.0;2021-08-08;2021-08-11;1
W10VLTND6ZX;2W7LDQ6I0;8404.0;2021-07-25;2021-07-25;4
EYV0B2QG;MN8JR;2873.46;2021-02-05;2021-02-07;
EYV0B2QG;QITWNG10;9274.54;2021-08-03;2021-08-05;5
5LGEA;0BWFKJXKR;5870.74;2021-09-20;2021-09-20;
2SWAOG;0NLO2RDM1;8256.23;2021-07-13;2021-07-13;3
5LGEA;0NLO2RDM1;1462.32;2021-04-28;2021-04-28;2
GL74B2U4DCJ1;G0SJQRW0U;1938.11;2021-01-27;2021-01-30;2
KHMN2X26;0BWFKJXKR;4859.89;2021-02-20;2021-02-21;2
N67PF1G7Q1A;G7I8LG;7284.14;2021-09-30;2021-10-01;4
GL74B2U4DCJ1;0K1Q8;9483.78;2021-04-18;2021-04-20;2
9DPQH5A69MFVK;G0SJQRW0U;8206.16;2021-07-29;2021-07-30;2
5LGEA;7ZNQDRXTSL;3288.45;2021-08-19;2021-08-19;5
I7FEPG6PA9;0BWFKJXKR;7928.24;2021-10-27;2021-10-28;3
PWC8OX45M86EQNO;RF39LM1LS;878.85;2021-07-15;2021-07-18;4
9RFK3W;JO5DK9KMXA;4353.21;2021-01-22;2021-01-25;2
2SWAOG;2W7LDQ6I0;0.0;2021-08-23;2021-08-26;2
5LGEA;2W7LDQ6I0;1794.72;2021-07-07;2021-07-09;5
EYV0B2QG;0K1Q8;4533.77;2020-12-29;2020-12-30;2
XRO5S3COWGXH;S0HPRVX4C;6709.86;2021-03-18;2021-03-20;4
I7FEPG6PA9;1LP1HD9BH8;8530.58;2021-02-03;2021-02-04;3
GL74B2U4DCJ1;5T6SB;796.13;2021-04-22;2021-04-25;5
6XF0E43VOTV0V;2W7LDQ6I0;9323.43;2021-09-03;2021-09-03;3
N67PF1G7Q1A;RF39LM1LS;7580.42;2021-10-31;2021-11-01;4
WYXV9CKOX;MN8JR;5450.39;2021-03-01;2021-03-04;5
1U6KODULB9K;8AOMR;7115.39;2020-12-30;2021-01-01;3
SZGSM5FQKMC;RF39LM1LS;9405.34;2021-01-31;2021-02-01;4
SZGSM5FQKMC;QXYC7ABH97;1419.0;2021-08-03;2021-08-05;2
EYV0B2QG;U3KEMJRP;4200.56;2021-07-26;2021-07-29;4
2SWAOG;62KM8;5665.07;2021-09-19;2021-09-22;4
PWC8OX45M86EQNO;JO5DK9KMXA;4127.97;2021-05-25;2021-05-28;3
6XF0E43VOTV0V;E5V2XEZT;6893.43;2021-06-10;2021-06-12;4
9RFK3W;LH50PM28;9219.86;2021-09-08;2021-09-08;
WYXV9CKOX;8U1NBT;3344.21;2021-01-27;2021-01-28;5
N67PF1G7Q1A;LH50PM28;6593.75;2021-08-31;2021-09-03;1
9RFK3W;WY7BDS3XK;7406.91;2021-01-03;2021-01-05;4
6XF0E43VOTV0V;QITWNG10;595.12;2021-01-14;2021-01-17;5
SZGSM5FQKMC;1LP1HD9BH8;1474.53;2020-11-18;2020-11-21;5
5LGEA;AU12BHGRMI;6400.46;2021-04-15;2021-04-17;5
WYXV9CKOX;0NLO2RDM1;1710.38;2021-04-15;2021-04-18;2
1U6KODULB9K;8AOMR;3394.48;2021-05-06;2021-05-09;5
W10VLTND6ZX;3YTICS;7921.24;2021-04-25;2021-04-27;5
5LGEA;W3ZZY0;9777.22;2021-09-27;2021-09-30;1
SZGSM5FQKMC;HH6HI3;3018.25;2021-02-17;2021-02-19;2
9DPQH5A69MFVK;G7I8LG;5414.68;2020-11-16;2020-11-16;5
W10VLTND6ZX;WY7BDS3XK;0.0;2021-03-08;2021-03-11;1
SZGSM5FQKMC;S0HPRVX4C;1147.23;2021-09-20;2021-09-20;2
9DPQH5A69MFVK;RF39LM1LS;0.0;2021-07-13;2021-07-13;3
9DPQH5A69MFVK;7ZNQDRXTSL;9456.22;2021-05-29;2021-06-01;
1U6KODULB9K;T6XUU;521.43;2021-03-19;2021-03-19;2
1U6KODULB9K;T6XUU;521.43;2021-03-19;2021-03-19;2
1U6KODULB9K;S0HPRVX4C;8386.21;2021-04-28;2021-04-28;4
9RFK3W;9X88V1PSF;779.42;2021-05-06;2021-05-08;3
W10VLTND6ZX;G0SJQRW0U;3934.08;2021-05-06;2021-05-07;1
W10VLTND6ZX;RPSHT8HW;4214.51;2021-02-27;2021-02-28;5
SZGSM5FQKMC;G7I8LG;8747.33;2021-05-11;2021-05-13;5
SZGSM5FQKMC;E5V2XEZT;0.0;2021-02-11;2021-02-11;
1U6KODULB9K;2W7LDQ6I0;1795.49;2021-03-28;2021-03-30;1
UY9IOOA;8U1NBT;0.0;2021-04-18;2021-04-18;5
XRO5S3COWGXH;181ZJ4L;7049.39;2021-10-06;2021-10-06;2
6XF0E43VOTV0V;FNL0K0;2612.91;2021-02-25;2021-02-28;5
5968K9CHBDQIE;7YSW5PYR7A;5764.1;2021-01-20;2021-01-21;4
SZGSM5FQKMC;8AOMR;8795.5;2021-08-17;2021-08-19;3
SZGSM5FQKMC;2W7LDQ6I0;3326.56;2021-02-01;2021-02-01;4
PWC8OX45M86EQNO;JO5DK9KMXA;3809.8;2021-08-07;2021-08-10;2
UY9IOOA;CLXTSMND43;4259.41;2021-05-07;2021-05-08;3
9RFK3W;MN8JR;2886.62;2021-02-27;2021-03-01;3
1U6KODULB9K;QITWNG10;6538.55;2021-02-10;2021-02-12;2
XRO5S3COWGXH;QITWNG10;9810.69;2021-02-28;2021-02-28;3
UY9IOOA;MN8JR;4404.52;2021-10-12;2021-10-15;4
9RFK3W;7LKWDFJ8WS;660.4;2021-03-06;2021-03-08;4
KJRZYJA;QXYC7ABH97;5215.39;2021-02-18;2021-02-21;3
9RFK3W;JSJ7TO;8038.03;2021-01-18;2021-01-19;1
9RFK3W;0K1Q8;2255.89;2021-10-07;2021-10-09;2
SZGSM5FQKMC;1LP1HD9BH8;3852.23;2021-01-20;2021-01-21;4
PWC8OX45M86EQNO;62KM8;1935.51;2021-01-23;2021-01-25;3
UY9IOOA;YUT15GEH;2084.98;2021-01-28;2021-01-28;3
FM466AM7M89;JO5DK9KMXA;9689.42;2021-04-08;2021-04-11;5
5968K9CHBDQIE;HH6HI3;7649.66;2020-12-05;2020-12-08;1
1U6KODULB9K;VW59QA;4139.05;2021-05-14;2021-05-16;3
GL74B2U4DCJ1;K4I5E6T;7642.5;2021-04-17;2021-04-18;5
FM466AM7M89;5T6SB;8815.71;2021-01-28;2021-01-29;3
GL74B2U4DCJ1;UQAWNY01Z;4552.21;2021-05-29;2021-05-31;2
6XF0E43VOTV0V;8AOMR;7740.03;2020-12-31;2021-01-01;1
KJRZYJA;YYGZ8;4657.63;2021-10-16;2021-10-18;1
2SWAOG;G0SJQRW0U;0.0;2021-08-25;2021-08-27;4
9DPQH5A69MFVK;UQAWNY01Z;7736.71;2021-07-22;2021-07-24;3
6XF0E43VOTV0V;8U1NBT;7981.76;2021-07-08;2021-07-09;
9RFK3W;9X88V1PSF;4480.9;2021-04-08;2021-04-08;4
9DPQH5A69MFVK;S904AO1R;3607.41;2021-09-04;2021-09-05;2
9RFK3W;62KM8;0.0;2021-03-01;2021-03-03;4
KJRZYJA;8U1NBT;2613.3;2021-05-29;2021-05-30;4
SZGSM5FQKMC;0K1Q8;9986.49;2021-10-09;2021-10-09;5
9DPQH5A69MFVK;K2EUM;1087.02;2021-01-22;2021-01-24;4
WYXV9CKOX;0NLO2RDM1;7415.32;2021-05-18;2021-05-21;
FM466AM7M89;3MY3PD;7280.63;2021-02-02;2021-02-04;5
5LGEA;E5V2XEZT;9033.26;2021-03-29;2021-03-29;4
EYV0B2QG;S0HPRVX4C;2151.14;2021-10-28;2021-10-28;1
9RFK3W;G0SJQRW0U;0.0;2021-02-06;2021-02-07;4
9DPQH5A69MFVK;HH6HI3;6235.35;2021-09-05;2021-09-08;2
UY9IOOA;U3A3I1L5LH;7747.55;2021-09-14;2021-09-17;1
XRO5S3COWGXH;62KM8;0.0;2021-06-28;2021-06-28;5
2SWAOG;0BWFKJXKR;0.0;2021-01-04;2021-01-07;
I7FEPG6PA9;7YSW5PYR7A;9843.81;2021-09-11;2021-09-13;2
9RFK3W;3YTICS;6427.01;2020-12-15;2020-12-16;3
9DPQH5A69MFVK;8U1NBT;2268.57;2021-05-07;2021-05-07;2
N67PF1G7Q1A;3MY3PD;6173.68;2020-11-28;2020-12-01;5
5LGEA;0K1Q8;6188.13;2021-02-12;2021-02-15;5
N67PF1G7Q1A;YYGZ8;4152.94;2021-04-23;2021-04-25;3
9DPQH5A69MFVK;WY7BDS3XK;4696.58;2021-07-04;2021-07-05;1
GL74B2U4DCJ1;T6XUU;2213.15;2021-03-14;2021-03-17;4
1U6KODULB9K;9X88V1PSF;7313.1;2021-07-23;2021-07-26;5
FM466AM7M89;G7I8LG;8847.73;2021-07-15;2021-07-15;3
2SWAOG;K4I5E6T;9355.37;2021-02-20;2021-02-22;1
5LGEA;JSJ7TO;3468.88;2021-11-02;2021-11-05;4
UY9IOOA;QD9TJBQKAN;587.36;2021-06-29;2021-06-29;5
PWC8OX45M86EQNO;FNL0K0;9584.26;2021-08-15;2021-08-15;5
UY9IOOA;AU12BHGRMI;4656.8;2021-10-11;2021-10-12;1
2SWAOG;S904AO1R;9744.27;2021-04-24;2021-04-26;4
I7FEPG6PA9;D8KYWQQLOD;2502.89;2021-03-02;2021-03-05;5
5LGEA;G0SJQRW0U;5191.1;2021-04-11;2021-04-12;5
N67PF1G7Q1A;QYDA67AARF;7497.01;2021-09-10;2021-09-13;3
9RFK3W;WY7BDS3XK;6973.44;2021-07-26;2021-07-27;4
XRO5S3COWGXH;T6XUU;2415.72;2021-01-17;2021-01-17;5
5LGEA;8AOMR;6554.51;2021-08-18;2021-08-21;3
9DPQH5A69MFVK;1LP1HD9BH8;7387.91;2021-10-28;2021-10-29;5
SZGSM5FQKMC;YUT15GEH;2134.96;2021-09-07;2021-09-09;3
FM466AM7M89;YUT15GEH;0.0;2021-05-04;2021-05-05;
9DPQH5A69MFVK;0K1Q8;9199.11;2021-03-02;2021-03-02;2
9DPQH5A69MFVK;K2EUM;9335.42;2021-02-28;2021-03-03;4
PWC8OX45M86EQNO;JO5DK9KMXA;5620.58;2021-02-03;2021-02-06;2
2SWAOG;7LKWDFJ8WS;0.0;2021-01-27;2021-01-30;5
2SWAOG;8AOMR;5245.82;2021-07-14;2021-07-16;1
KHMN2X26;7ZNQDRXTSL;0.0;2021-06-23;2021-06-23;1
9RFK3W;VW59QA;1567.14;2021-06-16;2021-06-16;3
1U6KODULB9K;K4I5E6T;5771.31;2021-02-15;2021-02-15;5
9RFK3W;MN8JR;9397.5;2021-10-23;2021-10-25;5
W10VLTND6ZX;QYDA67AARF;9854.98;2021-10-30;2021-10-31;1
9DPQH5A69MFVK;YYGZ8;0.0;2021-08-10;2021-08-13;5
SZGSM5FQKMC;U3KEMJRP;1049.78;2021-01-04;2021-01-06;5
2SWAOG;PE22ONWQQG;0.0;2021-10-02;2021-10-04;2
I7FEPG6PA9;UQAWNY01Z;1969.9;2021-07-20;2021-07-22;2
XRO5S3COWGXH;U3KEMJRP;9320.69;2020-12-27;2020-12-29;4
N67PF1G7Q1A;0BWFKJXKR;3210.05;2021-04-28;2021-04-28;
FM466AM7M89;E5V2XEZT;3065.43;2021-06-28;2021-07-01;3
I7FEPG6PA9;K2EUM;2170.88;2021-04-16;2021-04-19;3
XRO5S3COWGXH;JSJ7TO;0.0;2021-10-20;2021-10-23;5
2SWAOG;QXYC7ABH97;930.88;2021-05-30;2021-05-31;1
FM466AM7M89;QITWNG10;2469.15;2020-12-23;2020-12-25;5
I7FEPG6PA9;LH50PM28;8857.38;2021-02-01;2021-02-02;1
5968K9CHBDQIE;G7I8LG;7105.31;2021-03-16;2021-03-16;2
N67PF1G7Q1A;GHOXK0WV;4941.57;2020-12-12;2020-12-15;1
W10VLTND6ZX;7ZNQDRXTSL;5856.13;2021-10-31;2021-11-02;
1U6KODULB9K;QYDA67AARF;0.0;2021-07-31;2021-08-03;
1U6KODULB9K;5T6SB;1975.61;2020-12-19;2020-12-19;5
9RFK3W;G0SJQRW0U;5806.58;2021-02-11;2021-02-14;1
XRO5S3COWGXH;HH6HI3;1889.75;2021-01-10;2021-01-13;1
KHMN2X26;JSJ7TO;9192.72;2021-07-21;2021-07-24;4
WYXV9CKOX;GHOXK0WV;3383.61;2020-12-16;2020-12-18;2
PWC8OX45M86EQNO;RF39LM1LS;1134.01;2021-02-09;2021-02-11;3
5LGEA;7LKWDFJ8WS;3280.14;2021-05-06;2021-05-09;4
9RFK3W;8U1NBT;8383.55;2021-03-12;2021-03-12;1
W10VLTND6ZX;RPSHT8HW;5147.63;2020-12-12;2020-12-15;2
1U6KODULB9K;S904AO1R;1068.75;2021-05-17;2021-05-20;2
SZGSM5FQKMC;UQAWNY01Z;6189.16;2020-12-26;2020-12-27;4
I7FEPG6PA9;62KM8;3323.29;2021-05-08;2021-05-09;
N67PF1G7Q1A;9X88V1PSF;8192.96;2021-07-13;2021-07-13;
6XF0E43VOTV0V;MN8JR;1015.61;2021-01-05;2021-01-05;4
WYXV9CKOX;K2EUM;4542.06;2021-01-25;2021-01-25;3
GL74B2U4DCJ1;9X88V1PSF;5990.22;2020-12-27;2020-12-27;1
6XF0E43VOTV0V;9X88V1PSF;6535.35;2021-04-07;2021-04-10;5
EYV0B2QG;3MY3PD;4444.83;2021-09-16;2021-09-16;5
5968K9CHBDQIE;S0HPRVX4C;3436.91;2021-01-13;2021-01-14;4
KJRZYJA;E5V2XEZT;1802.99;2021-10-25;2021-10-27;1
5LGEA;JO5DK9KMXA;3790.41;2021-01-26;2021-01-28;4
5LGEA;3YTICS;2854.37;2021-03-31;2021-04-01;4
WYXV9CKOX;7YSW5PYR7A;4005.77;2020-12-06;2020-12-09;5
I7FEPG6PA9;JSJ7TO;3420.67;2021-10-28;2021-10-29;1
2SWAOG;E5V2XEZT;6535.9;2021-09-29;2021-09-30;3
2SWAOG;LH50PM28;4257.93;2021-10-05;2021-10-08;3
9RFK3W;YYGZ8;2576.33;2021-07-25;2021-07-26;3
9RFK3W;WY7BDS3XK;5045.36;2020-12-07;2020-12-07;1
UY9IOOA;YUT15GEH;0.0;2021-09-28;2021-10-01;4
EYV0B2QG;8AOMR;3583.8;2021-08-10;2021-08-13;1
2SWAOG;HH6HI3;9896.12;2021-01-05;2021-01-06;3
FM466AM7M89;K2EUM;9773.45;2021-03-21;2021-03-23;5
KHMN2X26;62KM8;892.71;2021-08-09;2021-08-12;4
6XF0E43VOTV0V;8AOMR;7521.24;2021-09-15;2021-09-16;3
6XF0E43VOTV0V;T6XUU;4251.93;2021-10-06;2021-10-09;3
I7FEPG6PA9;8U1NBT;2724.38;2021-05-01;2021-05-01;4
1U6KODULB9K;GHOXK0WV;0.0;2020-12-26;2020-12-26;4
FM466AM7M89;W3ZZY0;4423.77;2020-11-14;2020-11-17;3
W10VLTND6ZX;U3A3I1L5LH;6991.84;2021-01-31;2021-02-03;3
PWC8OX45M86EQNO;YUT15GEH;3790.93;2020-11-25;2020-11-25;
WYXV9CKOX;E5V2XEZT;7270.59;2020-11-15;2020-11-17;4
2SWAOG;GHOXK0WV;640.0;2021-04-17;2021-04-18;1
9RFK3W;UQAWNY01Z;1834.68;2021-09-09;2021-09-12;2
WYXV9CKOX;0K1Q8;5589.36;2021-08-12;2021-08-12;3
EYV0B2QG;7YSW5PYR7A;1030.64;2021-07-04;2021-07-07;5
PWC8OX45M86EQNO;UQAWNY01Z;7429.76;2020-12-04;2020-12-06;5
FM466AM7M89;QITWNG10;4588.01;2021-05-15;2021-05-17;2
SZGSM5FQKMC;5T6SB;5113.98;2021-05-29;2021-05-31;4
UY9IOOA;QYDA67AARF;8480.23;2020-11-16;2020-11-19;4
KHMN2X26;7YSW5PYR7A;0.0;2020-11-10;2020-11-12;2
PWC8OX45M86EQNO;T6XUU;8381.23;2021-01-18;2021-01-18;5
KJRZYJA;AU12BHGRMI;4283.02;2020-11-25;2020-11-28;1
EYV0B2QG;0NLO2RDM1;2050.46;2021-04-11;2021-04-12;1
6XF0E43VOTV0V;JO5DK9KMXA;2550.9;2021-01-09;2021-01-11;2
FM466AM7M89;PE22ONWQQG;4479.47;2021-04-22;2021-04-25;5
PWC8OX45M86EQNO;S0HPRVX4C;4344.62;2021-06-07;2021-06-07;5
KHMN2X26;JSJ7TO;2860.91;2021-07-02;2021-07-03;5
9RFK3W;U3KEMJRP;3776.91;2021-07-26;2021-07-26;2
KJRZYJA;UQAWNY01Z;7757.42;2021-09-20;2021-09-21;5
FM466AM7M89;K2EUM;5358.83;2020-11-16;2020-11-16;1
GL74B2U4DCJ1;U3KEMJRP;5101.31;2020-11-25;2020-11-28;3
KJRZYJA;U3A3I1L5LH;5717.81;2021-06-14;2021-06-17;1
5LGEA;S904AO1R;5064.35;2021-06-03;2021-06-04;5
SZGSM5FQKMC;U3KEMJRP;1123.36;2021-06-21;2021-06-22;
WYXV9CKOX;HH6HI3;1263.22;2020-11-11;2020-11-12;
SZGSM5FQKMC;JSJ7TO;818.91;2021-01-07;2021-01-10;4
WYXV9CKOX;AU12BHGRMI;9769.97;2021-01-24;2021-01-26;5
FM466AM7M89;YYGZ8;4395.76;2021-03-03;2021-03-03;2
1U6KODULB9K;K2EUM;5826.21;2021-07-31;2021-07-31;3
UY9IOOA;QXYC7ABH97;4369.29;2021-07-31;2021-07-31;2
9DPQH5A69MFVK;62KM8;8994.41;2021-02-08;2021-02-11;1
9DPQH5A69MFVK;LH50PM28;5016.8;2021-05-03;2021-05-03;4
KHMN2X26;U3KEMJRP;569.65;2021-08-08;2021-08-09;2
5LGEA;QXYC7ABH97;8716.06;2020-12-02;2020-12-04;1
9DPQH5A69MFVK;181ZJ4L;9783.78;2021-04-19;2021-04-22;5
N67PF1G7Q1A;WY7BDS3XK;6830.95;2021-09-12;2021-09-13;3
XRO5S3COWGXH;GHOXK0WV;7110.34;2021-07-01;2021-07-01;4
KHMN2X26;3YTICS;7244.51;2021-09-26;2021-09-28;3
WYXV9CKOX;8AOMR;0.0;2021-03-05;2021-03-07;3
9RFK3W;RF39LM1LS;3312.72;2020-12-01;2020-12-03;2
I7FEPG6PA9;YUT15GEH;1060.01;2021-09-01;2021-09-01;2
5968K9CHBDQIE;T6XUU;7746.91;2021-05-26;2021-05-26;1
WYXV9CKOX;1LP1HD9BH8;7322.86;2021-01-19;2021-01-19;1
W10VLTND6ZX;D8KYWQQLOD;9699.35;2021-01-23;2021-01-24;1
FM466AM7M89;62KM8;8682.85;2021-10-13;2021-10-14;2
XRO5S3COWGXH;CLXTSMND43;3143.11;2021-08-17;2021-08-19;1
SZGSM5FQKMC;3YTICS;1587.84;2021-03-24;2021-03-26;1
5968K9CHBDQIE;MN8JR;3682.29;2021-03-30;2021-04-02;1
SZGSM5FQKMC;5T6SB;1466.86;2021-02-06;2021-02-06;5
PWC8OX45M86EQNO;D8KYWQQLOD;4242.33;2021-08-03;2021-08-04;5
XRO5S3COWGXH;GHOXK0WV;1168.17;2020-12-04;2020-12-04;
5968K9CHBDQIE;G7I8LG;9138.54;2021-06-01;2021-06-01;1
N67PF1G7Q1A;62KM8;9832.99;2020-11-13;2020-11-14;3
6XF0E43VOTV0V;7ZNQDRXTSL;0.0;2021-01-18;2021-01-19;1
1U6KODULB9K;2W7LDQ6I0;0.0;2021-05-05;2021-05-06;4
9RFK3W;QXYC7ABH97;0.0;2021-06-16;2021-06-16;3
